INSERT INTO DICT VALUES('100001','电讯','1');
INSERT INTO DICT VALUES('100002','计算机硬件','1');
INSERT INTO DICT VALUES('100003','结构','1');
INSERT INTO DICT VALUES('100004','工艺','1');
INSERT INTO DICT VALUES('100005','软件开发','1');
INSERT INTO DICT VALUES('100006','其他','1');

INSERT INTO DICT VALUES('200001','中专','2');
INSERT INTO DICT VALUES('200002','大专','2');
INSERT INTO DICT VALUES('200003','本科','2');
INSERT INTO DICT VALUES('200004','硕士','2');
INSERT INTO DICT VALUES('200005','博士','2');
INSERT INTO DICT VALUES('200006','博士后','2');

INSERT INTO DICT VALUES('300001','初级职称','3');
INSERT INTO DICT VALUES('300002','中级职称','3');
INSERT INTO DICT VALUES('300003','高级职称','3');

INSERT INTO DICT VALUES('400001','出勤','4');
INSERT INTO DICT VALUES('400002','迟到','4');
INSERT INTO DICT VALUES('400003','早退','4');
INSERT INTO DICT VALUES('400004','病假','4');
INSERT INTO DICT VALUES('400005','事假','4');
INSERT INTO DICT VALUES('400006','旷工','4');
INSERT INTO DICT VALUES('400007','工伤','4');
INSERT INTO DICT VALUES('400008','探亲','4');
INSERT INTO DICT VALUES('400009','婚假','4');
INSERT INTO DICT VALUES('400010','产假','4');
INSERT INTO DICT VALUES('400011','丧假','4');
INSERT INTO DICT VALUES('400012','其他','4');

INSERT INTO DICT VALUES('500001','确定任务与方案论证','5');
INSERT INTO DICT VALUES('500002','专题研究与体制试验','5');
INSERT INTO DICT VALUES('500003','工程设计','5');
INSERT INTO DICT VALUES('500004','配合加工装配','5');
INSERT INTO DICT VALUES('500005','分系统调试','5');
INSERT INTO DICT VALUES('500006','整架联试','5');
INSERT INTO DICT VALUES('500007','交付使用','5');
INSERT INTO DICT VALUES('500008','其他','5');
INSERT INTO DICT VALUES('500009','例行试验','5');

INSERT INTO EMPLOYEE VALUES('0','000000','1','000000','001','系统管理员','0','管理','管理','无','','','','','','','','','','','管理员');
INSERT INTO EMPLOYEE VALUES('1','000001','1','000001','002','张三','1','审批','监督','副处','','','','','','','','100001','200004','300003','领导');
INSERT INTO EMPLOYEE VALUES('2','000002','1','000002','003','赵六','1','助理','编辑','科员','','','','','','','','100006','200003','300001','技术骨干');
INSERT INTO EMPLOYEE VALUES('3','000003','1','000003','002','李四','2','审批','监督','正科','','','','','','','','100001','200004','300003','领导');
INSERT INTO EMPLOYEE VALUES('4','000004','1','000004','003','王五','2','干活','干活','科员','','','','','','','','100002','200004','300002','技术人员');
INSERT INTO EMPLOYEE VALUES('5','000005','1','000005','003','孙七','1','文员','文员','科员','','','','','','','','100005','200004','300002','行政人员');
INSERT INTO EMPLOYEE VALUES('6','000006','1','000006','003','周八','1','干活','干活','科员','','','','','','','','100004','200003','300001','技术人员');
INSERT INTO EMPLOYEE VALUES('7','000007','1','000007','003','吴九','1','干活','干活','科员','','','','','','','','100003','200002','300001','技术骨干');
INSERT INTO EMPLOYEE VALUES('8','000008','1','000008','003','郑十','1','干活','干活','科员','','','','','','','','100002','200003','300001','技术人员');
INSERT INTO EMPLOYEE VALUES('9','000009','1','000009','003','刘一','1','干活','干活','科员','','','','','','','','100001','200004','300002','行政人员');


INSERT INTO DEPARTMENT VALUES('1','1','一级部门','0','',1);
INSERT INTO DEPARTMENT VALUES('2','2','二级部门','1','1',2);

INSERT INTO PROJECT VALUES('1','1','工作令一','1','000002','000002,000005,000006,000007,000008',500,300,'2010-01-01','2010-06-01','这里是备注');
INSERT INTO PROJECT VALUES('2','2','工作令二','1','000003','000003',200,150,'2010-01-01','2010-04-01','这里是备注');
INSERT INTO PROJECT VALUES('3','3','工作令三','1','000004','000003,000004',100,90,'2010-01-01','2010-03-01','工作令三');
INSERT INTO PROJECT VALUES('4','4','工作令四','1','000001','000002,000005,000006,000007,000008',230,90,'2010-01-01','2010-03-01','工作令四');
INSERT INTO PROJECT VALUES('5','5','工作令五','1','000001','000002,000005,000006,000007,000009',180,90,'2010-01-01','2010-03-01','工作令五');
INSERT INTO PROJECT VALUES('6','6','工作令六','1','000003','000003,000004',340,90,'2010-01-01','2010-03-01','工作令六');
INSERT INTO PROJECT VALUES('7','7','工作令七','1','000001','000002,000005,000006,000007,000009',310,90,'2010-01-01','2010-03-01','工作令七');
INSERT INTO PROJECT VALUES('8','8','工作令八','1','000003','000003,000004',350,90,'2010-01-01','2010-03-01','工作令八');

INSERT INTO DEP_PJ VALUES('2','1');
INSERT INTO DEP_PJ VALUES('3','1');
INSERT INTO DEP_PJ VALUES('3','2');
INSERT INTO DEP_PJ VALUES('3','3');

INSERT INTO WORKREPORT VALUES('1','工作报告2.1','000002','2010-2-3','2010-2-3','1','500001',9,'研究研究1',0,'1');
INSERT INTO WORKREPORT VALUES('2','工作报告2.2','000002','2010-2-2','2010-2-2','2','500002',2,'研究研究2',1,'1');
INSERT INTO WORKREPORT VALUES('3','工作报告2.3','000002','2010-2-1','2010-2-1','3','500003',4,'研究研究3',1,'1');
INSERT INTO WORKREPORT VALUES('4','工作报告2.4','000002','2010-1-31','2010-1-31','1','500004',6,'研究研究4',2,'1');
INSERT INTO WORKREPORT VALUES('5','工作报告2.5','000002','2010-1-30','2010-1-30','2','500005',8,'研究研究5',2,'1');

INSERT INTO WORKREPORT VALUES('6','工作报告4.1','000004','2010-2-3','2010-2-3','4','500006',12,'研究研究1',2,'2');
INSERT INTO WORKREPORT VALUES('7','工作报告4.2','000004','2010-2-2','2010-2-2','4','500007',13,'研究研究2',2,'2');
INSERT INTO WORKREPORT VALUES('8','工作报告4.3','000004','2010-2-1','2010-2-1','5','500008',15,'研究研究3',1,'2');
INSERT INTO WORKREPORT VALUES('9','工作报告4.4','000004','2010-1-31','2010-1-31','6','500009',3,'研究研究4',0,'2');
INSERT INTO WORKREPORT VALUES('10','工作报告4.5','000004','2010-1-30','2010-1-30','7','500001',1,'研究研究5',2,'2');

INSERT INTO WORKREPORT VALUES('11','工作报告5.1','000005','2010-2-3','2010-2-3','3','500007',3,'研究研究1',2,'1');
INSERT INTO WORKREPORT VALUES('12','工作报告5.2','000005','2010-2-2','2010-2-2','5','500005',5,'研究研究2',2,'1');
INSERT INTO WORKREPORT VALUES('13','工作报告5.3','000005','2010-2-1','2010-2-1','8','500003',8,'研究研究3',2,'1');
INSERT INTO WORKREPORT VALUES('14','工作报告5.4','000005','2010-1-31','2010-1-31','3','500002',3,'研究研究4',2,'1');
INSERT INTO WORKREPORT VALUES('15','工作报告5.5','000005','2010-1-30','2010-1-30','9','500001',1,'研究研究5',2,'1');

INSERT INTO WORKREPORT VALUES('16','工作报告5.1','000005','2010-2-3','2010-2-3','1','500002',4,'研究研究1',2,'1');
INSERT INTO WORKREPORT VALUES('17','工作报告5.2','000005','2010-2-2','2010-2-2','4','500003',2,'研究研究2',2,'1');
INSERT INTO WORKREPORT VALUES('18','工作报告5.3','000005','2010-2-1','2010-2-1','2','500005',3,'研究研究3',2,'1');
INSERT INTO WORKREPORT VALUES('19','工作报告5.4','000005','2010-1-31','2010-1-31','3','500008',5,'研究研究4',2,'1');
INSERT INTO WORKREPORT VALUES('20','工作报告5.5','000005','2010-1-30','2010-1-30','5','500003',8,'研究研究5',2,'1');

INSERT INTO WORKREPORT VALUES('21','工作报告6.1','000006','2010-2-3','2010-2-3','8','500005',3,'研究研究1',1,'1');
INSERT INTO WORKREPORT VALUES('22','工作报告6.2','000006','2010-2-2','2010-2-2','9','500008',1,'研究研究2',1,'1');
INSERT INTO WORKREPORT VALUES('23','工作报告6.3','000006','2010-2-1','2010-2-1','1','500003',4,'研究研究3',1,'1');
INSERT INTO WORKREPORT VALUES('24','工作报告6.4','000006','2010-1-31','2010-1-31','4','500001',2,'研究研究4',1,'1');
INSERT INTO WORKREPORT VALUES('25','工作报告6.5','000006','2010-1-30','2010-1-30','2','500004',3,'研究研究5',1,'1');

INSERT INTO WORKREPORT VALUES('26','工作报告7.1','000007','2010-2-3','2010-2-3','3','500005',3,'研究研究1',2,'1');
INSERT INTO WORKREPORT VALUES('27','工作报告7.2','000007','2010-2-2','2010-2-2','5','500008',1,'研究研究2',2,'1');
INSERT INTO WORKREPORT VALUES('28','工作报告7.3','000007','2010-2-1','2010-2-1','8','500003',4,'研究研究3',2,'1');
INSERT INTO WORKREPORT VALUES('29','工作报告7.4','000007','2010-1-31','2010-1-31','9','500001',2,'研究研究4',2,'1');
INSERT INTO WORKREPORT VALUES('30','工作报告7.5','000007','2010-1-30','2010-1-30','1','500004',3,'研究研究5',2,'1');

INSERT INTO WORKREPORT VALUES('31','工作报告8.1','000008','2010-2-3','2010-2-3','3','500005',3,'研究研究1',2,'1');
INSERT INTO WORKREPORT VALUES('32','工作报告8.2','000008','2010-2-2','2010-2-2','5','500008',1,'研究研究2',2,'1');
INSERT INTO WORKREPORT VALUES('33','工作报告8.3','000008','2010-2-1','2010-2-1','8','500003',4,'研究研究3',2,'1');
INSERT INTO WORKREPORT VALUES('34','工作报告8.4','000008','2010-1-31','2010-1-31','9','500001',2,'研究研究4',2,'1');
INSERT INTO WORKREPORT VALUES('35','工作报告8.5','000008','2010-1-30','2010-1-30','1','500004',3,'研究研究5',2,'1');

INSERT INTO WORKREPORT VALUES('36','工作报告9.1','000009','2010-2-3','2010-2-3','4','500002',3,'研究研究1',2,'1');
INSERT INTO WORKREPORT VALUES('37','工作报告9.2','000009','2010-2-2','2010-2-2','2','500003',1,'研究研究2',2,'1');
INSERT INTO WORKREPORT VALUES('38','工作报告9.3','000009','2010-2-1','2010-2-1','3','500005',4,'研究研究3',2,'1');
INSERT INTO WORKREPORT VALUES('39','工作报告9.4','000009','2010-1-31','2010-1-31','5','500001',2,'研究研究4',2,'1');
INSERT INTO WORKREPORT VALUES('40','工作报告9.5','000009','2010-1-30','2010-1-30','8','500009',3,'研究研究5',2,'1');

insert into workcheck values('000002','2010-1-27','400003',5);
insert into workcheck values('000002','2010-1-28','400005',8);
insert into workcheck values('000002','2010-1-29','400008',8);
insert into workcheck values('000002','2010-1-30','400009',4);
insert into workcheck values('000002','2010-1-31','400001',3);
insert into workcheck values('000002','2010-2-1','400004',5);

insert into workcheck values('000004','2010-1-27','400002',1);
insert into workcheck values('000004','2010-1-28','400003',2);
insert into workcheck values('000004','2010-1-29','400005',8);
insert into workcheck values('000004','2010-1-30','400008',4);
insert into workcheck values('000004','2010-1-31','400009',3);
insert into workcheck values('000004','2010-2-1','400001',5);

insert into workcheck values('000005','2010-1-27','400004',1);
insert into workcheck values('000005','2010-1-28','400002',2);
insert into workcheck values('000005','2010-1-29','400003',8);
insert into workcheck values('000005','2010-1-30','400005',4);
insert into workcheck values('000005','2010-1-31','400008',3);
insert into workcheck values('000005','2010-2-1','400002',5);

insert into workcheck values('000006','2010-1-27','400001',1);
insert into workcheck values('000006','2010-1-28','400004',2);
insert into workcheck values('000006','2010-1-29','400002',8);
insert into workcheck values('000006','2010-1-30','400003',4);
insert into workcheck values('000006','2010-1-31','400005',3);
insert into workcheck values('000006','2010-2-1','400008',5);

insert into workcheck values('000007','2010-1-27','400002',1);
insert into workcheck values('000007','2010-1-28','400001',2);
insert into workcheck values('000007','2010-1-29','400004',8);
insert into workcheck values('000007','2010-1-30','400002',4);
insert into workcheck values('000007','2010-1-31','400003',3);
insert into workcheck values('000007','2010-2-1','400005',5);

insert into workcheck values('000008','2010-1-27','400008',1);
insert into workcheck values('000008','2010-1-28','400002',2);
insert into workcheck values('000008','2010-1-29','400001',8);
insert into workcheck values('000008','2010-1-30','400004',4);
insert into workcheck values('000008','2010-1-31','400002',3);
insert into workcheck values('000008','2010-2-1','400003',5);

insert into workcheck values('000009','2010-1-27','400005',1);
insert into workcheck values('000009','2010-1-28','400001',2);
insert into workcheck values('000009','2010-1-29','400003',8);
insert into workcheck values('000009','2010-1-30','400002',4);
insert into workcheck values('000009','2010-1-31','400004',3);
insert into workcheck values('000009','2010-2-1','400007',5);

INSERT INTO MENU VALUES('001','系统维护','2','',1,'1','0');
INSERT INTO MENU VALUES('011','工作令管理','1','pj.do?action=list',2,'1','001');
INSERT INTO MENU VALUES('012','部门管理','1','depart.do?action=list',3,'1','001');
INSERT INTO MENU VALUES('013','用户管理','1','em.do?action=frame_infolist',4,'1','001');
INSERT INTO MENU VALUES('014','菜单管理','1','menu.do?action=manage',4,'1','001');
INSERT INTO MENU VALUES('002','工作报告','2','',5,'1','0');
INSERT INTO MENU VALUES('021','个人工作报告','1','workreport.do?action=list',6,'1','002');
INSERT INTO MENU VALUES('022','审核工作报告','1','workreport.do?action=auditlist',7,'1','002');
INSERT INTO MENU VALUES('003','工时统计汇总','2','',8,'1','0');
INSERT INTO MENU VALUES('031','工时统计汇总','1','modules/pj/frame_gstjhz.jsp',9,'1','003');
INSERT INTO MENU VALUES('032','科研工时统计','1','pj.do?action=frame_kygstj',10,'1','003');
INSERT INTO MENU VALUES('033','承担任务情况','1','pj.do?action=frame_cdrwqk',11,'1','003');
INSERT INTO MENU VALUES('004','人事管理','2','',12,'1','0');
INSERT INTO MENU VALUES('041','人事管理','1','em.do?action=frame_manage',13,'1','004');
INSERT INTO MENU VALUES('005','固定资产','2','',14,'1','0');
INSERT INTO MENU VALUES('051','固定资产查询','1','assets.do?action=frame_info&manage=0',15,'1','005');
INSERT INTO MENU VALUES('052','固定资产管理','1','assets.do?action=frame_info&manage=1',16,'1','005');
INSERT INTO MENU VALUES('006','费用管理','2','',17,'1','0');
INSERT INTO MENU VALUES('061','课题费用','1','cost.do?action=list',18,'1','006');
INSERT INTO MENU VALUES('007','考勤管理','2','',19,'1','0');
INSERT INTO MENU VALUES('071','员工考勤记录','1','em.do?action=frame_workcheck',20,'1','007');
INSERT INTO MENU VALUES('008','绩效管理','2','',21,'1','0');
INSERT INTO MENU VALUES('081','计划管理','1','plan.do?action=list',22,'1','008');
INSERT INTO MENU VALUES('082','绩效提醒','1','plan.do?action=remind',23,'1','008');
INSERT INTO MENU VALUES('009','收藏管理','2','',24,'1','0');
INSERT INTO MENU VALUES('091','收藏菜单','1','menu.do?action=favorite',25,'1','009');


/** 系统管理员 **/
INSERT INTO USER_MENU VALUES('001','001','1');
INSERT INTO USER_MENU VALUES('001','011','1');
INSERT INTO USER_MENU VALUES('001','012','1');
INSERT INTO USER_MENU VALUES('001','013','1');
INSERT INTO USER_MENU VALUES('001','014','1');
INSERT INTO USER_MENU VALUES('001','003','1');
INSERT INTO USER_MENU VALUES('001','031','1');
INSERT INTO USER_MENU VALUES('001','032','1');
INSERT INTO USER_MENU VALUES('001','033','1');
INSERT INTO USER_MENU VALUES('001','004','1');
INSERT INTO USER_MENU VALUES('001','041','1');
INSERT INTO USER_MENU VALUES('001','005','1');
INSERT INTO USER_MENU VALUES('001','051','1');
INSERT INTO USER_MENU VALUES('001','052','1');
INSERT INTO USER_MENU VALUES('001','006','1');
INSERT INTO USER_MENU VALUES('001','061','1');
INSERT INTO USER_MENU VALUES('001','007','1');
INSERT INTO USER_MENU VALUES('001','071','1');
INSERT INTO USER_MENU VALUES('001','008','1');
INSERT INTO USER_MENU VALUES('001','081','1');
INSERT INTO USER_MENU VALUES('001','082','1');
INSERT INTO USER_MENU VALUES('001','009','1');
INSERT INTO USER_MENU VALUES('001','091','1');

/** 部领导 **/
INSERT INTO USER_MENU VALUES('002','003','1');
INSERT INTO USER_MENU VALUES('002','031','1');
INSERT INTO USER_MENU VALUES('002','032','1');
INSERT INTO USER_MENU VALUES('002','033','1');
INSERT INTO USER_MENU VALUES('002','009','1');
INSERT INTO USER_MENU VALUES('002','091','1');

/** 普通人员 **/
INSERT INTO USER_MENU VALUES('003','002','1');
INSERT INTO USER_MENU VALUES('003','021','1');

/** 计划员 **/
INSERT INTO USER_MENU VALUES('004','008','1');
INSERT INTO USER_MENU VALUES('004','081','1');
INSERT INTO USER_MENU VALUES('004','082','1');
INSERT INTO USER_MENU VALUES('004','009','1');
INSERT INTO USER_MENU VALUES('004','091','1');

/** 组长 **/
INSERT INTO USER_MENU VALUES('005','002','1');
INSERT INTO USER_MENU VALUES('005','021','1');
INSERT INTO USER_MENU VALUES('005','022','1');
INSERT INTO USER_MENU VALUES('005','007','1');
INSERT INTO USER_MENU VALUES('005','071','1');
INSERT INTO USER_MENU VALUES('005','008','1');
INSERT INTO USER_MENU VALUES('005','081','1');
INSERT INTO USER_MENU VALUES('005','082','1');
INSERT INTO USER_MENU VALUES('006','009','1');
INSERT INTO USER_MENU VALUES('006','091','1');

INSERT INTO USER_MENU VALUES('000000','001','2');
INSERT INTO USER_MENU VALUES('000000','011','2');
INSERT INTO USER_MENU VALUES('000000','012','2');
INSERT INTO USER_MENU VALUES('000000','013','2');
INSERT INTO USER_MENU VALUES('000000','003','2');
INSERT INTO USER_MENU VALUES('000000','031','2');
INSERT INTO USER_MENU VALUES('000000','032','2');
INSERT INTO USER_MENU VALUES('000000','033','2');
INSERT INTO USER_MENU VALUES('000000','004','2');
INSERT INTO USER_MENU VALUES('000000','041','2');
INSERT INTO USER_MENU VALUES('000000','005','2');
INSERT INTO USER_MENU VALUES('000000','051','2');
INSERT INTO USER_MENU VALUES('000000','052','2');
INSERT INTO USER_MENU VALUES('000000','006','2');
INSERT INTO USER_MENU VALUES('000000','061','2');
INSERT INTO USER_MENU VALUES('000000','007','2');
INSERT INTO USER_MENU VALUES('000000','071','2');

INSERT INTO USER_MENU VALUES('000001','002','2');
INSERT INTO USER_MENU VALUES('000001','021','2');
INSERT INTO USER_MENU VALUES('000001','022','2');
INSERT INTO USER_MENU VALUES('000001','003','2');
INSERT INTO USER_MENU VALUES('000001','031','2');
INSERT INTO USER_MENU VALUES('000001','032','2');
INSERT INTO USER_MENU VALUES('000001','033','2');
INSERT INTO USER_MENU VALUES('000001','004','2');
INSERT INTO USER_MENU VALUES('000001','041','2');
INSERT INTO USER_MENU VALUES('000001','005','2');
INSERT INTO USER_MENU VALUES('000001','051','2');
INSERT INTO USER_MENU VALUES('000001','052','2');
INSERT INTO USER_MENU VALUES('000001','006','2');
INSERT INTO USER_MENU VALUES('000001','061','2');
INSERT INTO USER_MENU VALUES('000001','007','2');
INSERT INTO USER_MENU VALUES('000001','071','2');

INSERT INTO USER_MENU VALUES('000003','001','2');
INSERT INTO USER_MENU VALUES('000003','011','2');
INSERT INTO USER_MENU VALUES('000003','012','2');
INSERT INTO USER_MENU VALUES('000003','013','2');
INSERT INTO USER_MENU VALUES('000003','003','2');
INSERT INTO USER_MENU VALUES('000003','031','2');
INSERT INTO USER_MENU VALUES('000003','032','2');
INSERT INTO USER_MENU VALUES('000003','033','2');
INSERT INTO USER_MENU VALUES('000003','004','2');
INSERT INTO USER_MENU VALUES('000003','041','2');
INSERT INTO USER_MENU VALUES('000003','005','2');
INSERT INTO USER_MENU VALUES('000003','051','2');
INSERT INTO USER_MENU VALUES('000003','052','2');
INSERT INTO USER_MENU VALUES('000003','006','2');
INSERT INTO USER_MENU VALUES('000003','061','2');
INSERT INTO USER_MENU VALUES('000003','007','2');
INSERT INTO USER_MENU VALUES('000003','071','2');

INSERT INTO USER_MENU VALUES('000002','002','2');
INSERT INTO USER_MENU VALUES('000002','021','2');
INSERT INTO USER_MENU VALUES('000004','002','2');
INSERT INTO USER_MENU VALUES('000004','021','2');
INSERT INTO USER_MENU VALUES('000005','002','2');
INSERT INTO USER_MENU VALUES('000005','021','2');
INSERT INTO USER_MENU VALUES('000006','002','2');
INSERT INTO USER_MENU VALUES('000006','021','2');
INSERT INTO USER_MENU VALUES('000007','002','2');
INSERT INTO USER_MENU VALUES('000007','021','2');
INSERT INTO USER_MENU VALUES('000008','002','2');
INSERT INTO USER_MENU VALUES('000008','021','2');
INSERT INTO USER_MENU VALUES('000009','002','2');
INSERT INTO USER_MENU VALUES('000009','021','2');

insert into assets values('1','1','仪器1','10-01','2009-10-01','2009-08-08',80000,75000,10,'1',null,null,null);
insert into assets values('2','2','仪器2','01-10','2009-01-10','2009-01-01',180000,16000,50,'2','1','000002','2010-01-28');
insert into assets values('3','3','仪表1','08-10','2002-08-10','2001-02-08',30000,5000,10,'3',null,null,null);
insert into assets values('4','4','仪表2','08-10','2002-08-10','2001-02-08',30000,5000,10,'2','1','000005','2010-01-09');
insert into assets values('5','5','仪表2','08-10','2002-08-10','2001-02-08',30000,5000,10,'2','2','000004','2010-01-09');
