ALTER TABLE PROJECT ALTER COLUMN NAME TYPE VARCHAR(200);
ALTER TABLE WORKREPORT ALTER COLUMN PJCODE_D TYPE VARCHAR(200);
ALTER TABLE DICT ADD COLUMN CONN_TABLE VARCHAR(200);
ALTER TABLE DICT ADD COLUMN CONN_COLUMN VARCHAR(200);
UPDATE DICT SET CONN_TABLE='EMPLOYEE', CONN_COLUMN='MAJORCODE' WHERE TYPE='1';
UPDATE DICT SET CONN_TABLE='EMPLOYEE', CONN_COLUMN='DEGREECODE' WHERE TYPE='2';
UPDATE DICT SET CONN_TABLE='EMPLOYEE', CONN_COLUMN='PROCODE' WHERE TYPE='3';
UPDATE DICT SET CONN_TABLE='WORKCHECK', CONN_COLUMN='CHECKRESULT' WHERE TYPE='4';
UPDATE DICT SET CONN_TABLE='ASSETS_INFO', CONN_COLUMN='TYPE' WHERE TYPE='8';
UPDATE DICT SET CONN_TABLE='ASSETS_INFO', CONN_COLUMN='SBZT' WHERE TYPE='9';
UPDATE DICT SET CONN_TABLE='', CONN_COLUMN='' WHERE CONN_TABLE IS NULL;
INSERT INTO DICT VALUES('1', '库中', '', 'ASSETS', 'STATUS');
INSERT INTO DICT VALUES('2', '借出', '', 'ASSETS', 'STATUS');
INSERT INTO DICT VALUES('3', '损坏', '', 'ASSETS', 'STATUS');
INSERT INTO DICT VALUES('1', '男', '', 'EMP_CARD', 'SEX');
INSERT INTO DICT VALUES('2', '女', '', 'EMP_CARD', 'SEX');
INSERT INTO DICT VALUES('1', '机载另册', '', 'GOODS_DICT', 'TYPE');
INSERT INTO DICT VALUES('2', '地面优选', '', 'GOODS_DICT', 'TYPE');
INSERT INTO DICT VALUES('3', '机载优选', '', 'GOODS_DICT', 'TYPE');
INSERT INTO DICT VALUES('1', '正常', '', 'PROJECT', 'STATUS');
INSERT INTO DICT VALUES('0', '关闭', '', 'PROJECT', 'STATUS');
INSERT INTO DICT VALUES('2', '挂起', '', 'PROJECT', 'STATUS');
INSERT INTO DICT VALUES('0', '未上报', '', 'WORKREPORT', 'FLAG');
INSERT INTO DICT VALUES('1', '审批中', '', 'WORKREPORT', 'FLAG');
INSERT INTO DICT VALUES('2', '已通过', '', 'WORKREPORT', 'FLAG');
INSERT INTO DICT VALUES('3', '已退回', '', 'WORKREPORT', 'FLAG');


INSERT INTO MENU VALUES('017','自定义导入','1','custom_import.do?action=custom_import',5,'1','001','1.png');
INSERT INTO USER_MENU VALUES('001','017','1');

insert into DICT_TABLE values('ASSETS','固定资产表','1');
insert into DICT_TABLE values('ASSETS_INFO','信息设备表','1');
insert into DICT_TABLE values('ASSETS_INFO_REPAIR','信息设备维修表','2');
insert into DICT_TABLE values('ATTACHMENT','附件表','2');
insert into DICT_TABLE values('BUDGET_CONTRACT','预计合同表','1');
insert into DICT_TABLE values('BUDGET_CREDITED','预计到款表','1');
insert into DICT_TABLE values('BUDGET_INCREASE','增量预算表','1');
insert into DICT_TABLE values('BUDGET_REMAIN','所留预算表','1');
insert into DICT_TABLE values('CAR','班车表','2');
insert into DICT_TABLE values('CAR_ORDER','班车预约表','2');
insert into DICT_TABLE values('CAR_SENDTIME','班车发车时间表','2');
insert into DICT_TABLE values('CONTRACT','合同表','2');
insert into DICT_TABLE values('CONTRACT_APPLY','科研外协与定制器材立项申请表','2');
insert into DICT_TABLE values('CONTRACT_BUDGET','科研外协与定制器材预算表','2');
insert into DICT_TABLE values('CONTRACT_PAY','合同付款申请表','2');
insert into DICT_TABLE values('DB_VERSION','数据库版本表','2');
insert into DICT_TABLE values('DEPARTMENT','部门表','1');
insert into DICT_TABLE values('DICT','系统字典表','2');
insert into DICT_TABLE values('DICT_COL','数据字段字典表','2');
insert into DICT_TABLE values('DICT_TABLE','数据库表字典表','2');
insert into DICT_TABLE values('EMPLOYEE','员工表','1');
insert into DICT_TABLE values('EMP_CARD','员工一卡通表','2');
insert into DICT_TABLE values('EMP_FINANCIAL','员工财务表','1');
insert into DICT_TABLE values('EMP_HONOR','员工荣誉表','1');
insert into DICT_TABLE values('EMP_POS','员工刷卡记录表','1');
insert into DICT_TABLE values('GOODS','物资领料表','1');
insert into DICT_TABLE values('GOODS_APPLY','申请领料表','1');
insert into DICT_TABLE values('GOODS_DICT','物资优选表','1');
insert into DICT_TABLE values('HOLIDAY','节假日表','2');
insert into DICT_TABLE values('INS_BACK','临时调查反馈表','2');
insert into DICT_TABLE values('INS_COLUMN','临时调查字段表','2');
insert into DICT_TABLE values('INVESTIGATION','临时调查表','2');
insert into DICT_TABLE values('MENU','目录表','2');
insert into DICT_TABLE values('PLAN','计划表','2');
insert into DICT_TABLE values('PLAN_PERSENT','计划完成百分率表','2');
insert into DICT_TABLE values('PLAN_TYPE','计划分类表','2');
insert into DICT_TABLE values('PROJECT','工作令号表','1');
insert into DICT_TABLE values('PROJECT_D','分系统表','2');
insert into DICT_TABLE values('ROLE_DEPART','角色部门关联表','2');
insert into DICT_TABLE values('SYS_VISIT','系统访问表','2');
insert into DICT_TABLE values('TRAIN','培训表','2');
insert into DICT_TABLE values('TRAIN_D','培训详细表','2');
insert into DICT_TABLE values('USER_DEPART','用户数据权限配置表','2');
insert into DICT_TABLE values('USER_MENU','用户菜单表','2');
insert into DICT_TABLE values('USER_ROLE','用户角色表','2');
insert into DICT_TABLE values('WORKCHECK','用户考勤表','2');
insert into DICT_TABLE values('WORKREPORT','工作日志表','1');

ALTER TABLE DICT_COL ADD COLUMN LENGTH INT;
ALTER TABLE DICT_COL ADD COLUMN CONN_TABLE VARCHAR(200);
ALTER TABLE DICT_COL ADD COLUMN CONN_COLUMN VARCHAR(200);

insert into DICT_COL values('ASSETS', 'CODE', '设备编号', 'CHAR', 20, '', '');
insert into DICT_COL values('ASSETS', 'NAME', '设备名称', 'CHAR', 50, '', '');
insert into DICT_COL values('ASSETS', 'MODEL', '设备型号', 'CHAR', 50, '', '');
insert into DICT_COL values('ASSETS', 'BUYDATE', '购买日期', 'DATE', null, '', '');
insert into DICT_COL values('ASSETS', 'PRODUCDATE', '出场日期', 'DATE', null, '', '');
insert into DICT_COL values('ASSETS', 'BUYCOST', '购买价格', 'NUMERIC', 15, '', '');
insert into DICT_COL values('ASSETS', 'NOWCOST', '折旧价格', 'NUMERIC', 15, '', '');
insert into DICT_COL values('ASSETS', 'LIFE', '使用年限', 'INT', 8, '', '');
insert into DICT_COL values('ASSETS', 'STATUS', '状态', 'CHAR', 10, 'DICT', 'NAME');
insert into DICT_COL values('ASSETS', 'DEPARTCODE', '领用单位', 'CHAR', 20, 'DEPARTMENT', 'NAME');
insert into DICT_COL values('ASSETS', 'EMPCODE', '领用人', 'CHAR', 20, 'EMPLOYEE', 'NAME');
insert into DICT_COL values('ASSETS', 'LENDDATE', '领用时间', 'DATE', null, '', '');
insert into DICT_COL values('ASSETS', 'CHECKDATE', '上次年检时间', 'DATE', null, '', '');
insert into DICT_COL values('ASSETS', 'CHECKYEAR', '年检间隔', 'INT', 8, '', '');

insert into DICT_COL values('EMPLOYEE', 'LOGINID', '登录名', 'CHAR', 50, '', '');
insert into DICT_COL values('EMPLOYEE', 'PASSWORD', '密码', 'CHAR', 50, '', '');
insert into DICT_COL values('EMPLOYEE', 'CODE', '工号', 'CHAR', 20, '', '');
insert into DICT_COL values('EMPLOYEE', 'ROLECODE', '角色', 'CHAR', 20, 'USER_ROLE', 'NAME');
insert into DICT_COL values('EMPLOYEE', 'NAME', '姓名', 'CHAR', 32, '', '');
insert into DICT_COL values('EMPLOYEE', 'DEPARTCODE', '部门', 'CHAR', 20, 'DEPARTMENT', 'NAME');
insert into DICT_COL values('EMPLOYEE', 'MAINJOB', '主岗', 'CHAR', 200, '', '');
insert into DICT_COL values('EMPLOYEE', 'SECJOB', '副岗', 'CHAR', 200, '', '');
insert into DICT_COL values('EMPLOYEE', 'LEVEL', '职务级别', 'CHAR', 20, '', '');
insert into DICT_COL values('EMPLOYEE', 'EMAIL', '电子邮件', 'CHAR', 100, '', '');
insert into DICT_COL values('EMPLOYEE', 'BLOG', '博客链接', 'CHAR', 100, '', '');
insert into DICT_COL values('EMPLOYEE', 'SELFWEB', '个人网页', 'CHAR', 100, '', '');
insert into DICT_COL values('EMPLOYEE', 'STCPHONE', '固定电话', 'CHAR', 20, '', '');
insert into DICT_COL values('EMPLOYEE', 'MOBPHONE', '手机号码', 'CHAR', 20, '', '');
insert into DICT_COL values('EMPLOYEE', 'ADDRESS', '家庭住址', 'CHAR', 500, '', '');
insert into DICT_COL values('EMPLOYEE', 'POST', '邮政编码', 'CHAR', 20, '', '');
insert into DICT_COL values('EMPLOYEE', 'MAJORCODE', '专业', 'CHAR', 20, 'DICT', 'NAME');
insert into DICT_COL values('EMPLOYEE', 'DEGREECODE', '学历', 'CHAR', 20, 'DICT', 'NAME');
insert into DICT_COL values('EMPLOYEE', 'PROCODE', '职称', 'CHAR', 20, 'DICT', 'NAME');
insert into DICT_COL values('EMPLOYEE', 'DESCRIBE', '描述', 'CHAR', 500, '', '');
insert into DICT_COL values('EMPLOYEE', 'STCPHONE2', '家庭电话', 'CHAR', 20, '', '');
insert into DICT_COL values('EMPLOYEE', 'XB', '性别', 'CHAR', 200, '', '');
insert into DICT_COL values('EMPLOYEE', 'MZ', '民族', 'CHAR', 200, '', '');
insert into DICT_COL values('EMPLOYEE', 'CSRQ', '出生日期', 'DATE', null, '', '');
insert into DICT_COL values('EMPLOYEE', 'XL', '学历', 'CHAR', 200, '', '');
insert into DICT_COL values('EMPLOYEE', 'XZZW', '行政职务', 'CHAR', 200, '', '');
insert into DICT_COL values('EMPLOYEE', 'JSZC', '技术职称', 'CHAR', 200, '', '');
insert into DICT_COL values('EMPLOYEE', 'RZSJ', '任职时间', 'DATE', null, '', '');
insert into DICT_COL values('EMPLOYEE', 'RSBZ', '入所编制', 'CHAR', 200, '', '');
insert into DICT_COL values('EMPLOYEE', 'BZ', '编制', 'CHAR', 200, '', '');
insert into DICT_COL values('EMPLOYEE', 'GWMC', '岗位名称', 'CHAR', 200, '', '');
insert into DICT_COL values('EMPLOYEE', 'GWSX', '岗位属性', 'CHAR', 200, '', '');
insert into DICT_COL values('EMPLOYEE', 'GJ', '岗级', 'CHAR', 200, '', '');
insert into DICT_COL values('EMPLOYEE', 'ZJ', '职级', 'CHAR', 200, '', '');
insert into DICT_COL values('EMPLOYEE', 'IDCARD', '身份证号', 'CHAR', 20, '', '');

insert into DICT_COL values('ASSETS_INFO', 'NAME', '设备名称', 'CHAR', 200, '', '');
insert into DICT_COL values('ASSETS_INFO', 'TYPE', '资产属性', 'CHAR', 20, 'DICT', 'NAME');
insert into DICT_COL values('ASSETS_INFO', 'CODE', '固定资产编号', 'CHAR', 200, '', '');
insert into DICT_COL values('ASSETS_INFO', 'MJJBH', '密级及编号', 'CHAR', 200, '', '');
insert into DICT_COL values('ASSETS_INFO', 'XHGG', '型号及规格', 'CHAR', 200, '', '');
insert into DICT_COL values('ASSETS_INFO', 'YZ', '原值', 'CHAR', 200, '', '');
insert into DICT_COL values('ASSETS_INFO', 'SYBM', '使用部门', 'CHAR', 200, '', '');
insert into DICT_COL values('ASSETS_INFO', 'SYDD', '使用地点', 'CHAR', 200, '', '');
insert into DICT_COL values('ASSETS_INFO', 'SBBGR', '设备保管人', 'CHAR', 200, '', '');
insert into DICT_COL values('ASSETS_INFO', 'TRSYRQ', '投入使用日期', 'DATE', null, '', '');
insert into DICT_COL values('ASSETS_INFO', 'SBZT', '设备状态', 'CHAR', 20, 'DICT', 'NAME');
insert into DICT_COL values('ASSETS_INFO', 'CZXTAZRQ', '操作系统安装日期', 'DATE', null, '', '');
insert into DICT_COL values('ASSETS_INFO', 'KTJKLX', '开通接口类型', 'CHAR', 20, '', '');
insert into DICT_COL values('ASSETS_INFO', 'YT', '用途', 'CHAR', 20, '', '');
insert into DICT_COL values('ASSETS_INFO', 'IP', 'IP地址', 'CHAR', 50, '', '');
insert into DICT_COL values('ASSETS_INFO', 'MAC', 'MAC地址', 'CHAR', 50, '', '');
insert into DICT_COL values('ASSETS_INFO', 'YPXH', '硬盘型号', 'CHAR', 50, '', '');
insert into DICT_COL values('ASSETS_INFO', 'YPXLH', '硬盘序列号', 'CHAR', 50, '', '');

insert into DICT_COL values('BUDGET_CONTRACT', 'YEAR', '年份', 'INT', 8, '', '');
insert into DICT_COL values('BUDGET_CONTRACT', 'ORDERCODE', '序号', 'INT', 8, '', '');
insert into DICT_COL values('BUDGET_CONTRACT', 'NAME', '项目名称', 'CHAR', 200, '', '');
insert into DICT_COL values('BUDGET_CONTRACT', 'PJCODE', '工作令号', 'CHAR', 200, '', '');
insert into DICT_COL values('BUDGET_CONTRACT', 'LEADER_STATION', '分管所领导', 'CHAR', 200, '', '');
insert into DICT_COL values('BUDGET_CONTRACT', 'LEADER_TOP', '分管首席', 'CHAR', 200, '', '');
insert into DICT_COL values('BUDGET_CONTRACT', 'LEADER_SECTION', '分管室领导', 'CHAR', 200, '', '');
insert into DICT_COL values('BUDGET_CONTRACT', 'MANAGER', '项目主管', 'CHAR', 200, '', '');
insert into DICT_COL values('BUDGET_CONTRACT', 'CONFIRM', '基本确定', 'CHAR', 10, '', '');
insert into DICT_COL values('BUDGET_CONTRACT', 'FUNDS', '金额', 'NUMERIC', 14, '', '');
insert into DICT_COL values('BUDGET_CONTRACT', 'FUNDS1', '1季度分解', 'NUMERIC', 14, '', '');
insert into DICT_COL values('BUDGET_CONTRACT', 'FUNDS2', '2季度分解', 'NUMERIC', 14, '', '');
insert into DICT_COL values('BUDGET_CONTRACT', 'FUNDS3', '3季度分解', 'NUMERIC', 14, '', '');
insert into DICT_COL values('BUDGET_CONTRACT', 'FUNDS4', '4季度分解', 'NUMERIC', 14, '', '');
insert into DICT_COL values('BUDGET_CONTRACT', 'NOTE', '说明', 'CHAR', 1000, '', '');

insert into DICT_COL values('BUDGET_CREDITED', 'YEAR', '年份', 'INT', 8, '', '');
insert into DICT_COL values('BUDGET_CREDITED', 'ORDERCODE', '序号', 'INT', 8, '', '');
insert into DICT_COL values('BUDGET_CREDITED', 'NAME', '项目名称', 'CHAR', 200, '', '');
insert into DICT_COL values('BUDGET_CREDITED', 'PJCODE', '工作令号', 'CHAR', 200, '', '');
insert into DICT_COL values('BUDGET_CREDITED', 'LEADER_STATION', '分管所领导', 'CHAR', 200, '', '');
insert into DICT_COL values('BUDGET_CREDITED', 'LEADER_TOP', '分管首席', 'CHAR', 200, '', '');
insert into DICT_COL values('BUDGET_CREDITED', 'LEADER_SECTION', '分管室领导', 'CHAR', 200, '', '');
insert into DICT_COL values('BUDGET_CREDITED', 'MANAGER', '项目主管', 'CHAR', 200, '', '');
insert into DICT_COL values('BUDGET_CREDITED', 'CONFIRM', '基本确定', 'CHAR', 10, '', '');
insert into DICT_COL values('BUDGET_CREDITED', 'TRY', '争取', 'CHAR', 200, '', '');
insert into DICT_COL values('BUDGET_CREDITED', 'FUNDS', '年到款', 'NUMERIC', 14, '', '');
insert into DICT_COL values('BUDGET_CREDITED', 'FUNDS1', '1季度分解', 'NUMERIC', 14, '', '');
insert into DICT_COL values('BUDGET_CREDITED', 'FUNDS1_A', '1季度已到款', 'NUMERIC', 14, '', '');
insert into DICT_COL values('BUDGET_CREDITED', 'FUNDS2', '2季度分解', 'NUMERIC', 14, '', '');
insert into DICT_COL values('BUDGET_CREDITED', 'FUNDS12_A', '2季度已到款', 'NUMERIC', 14, '', '');
insert into DICT_COL values('BUDGET_CREDITED', 'FUNDS3', '3季度分解', 'NUMERIC', 14, '', '');
insert into DICT_COL values('BUDGET_CREDITED', 'FUNDS13_A', '3季度已到款', 'NUMERIC', 14, '', '');
insert into DICT_COL values('BUDGET_CREDITED', 'FUNDS4', '4季度分解', 'NUMERIC', 14, '', '');
insert into DICT_COL values('BUDGET_CREDITED', 'FUNDS14_A', '4季度已到款', 'NUMERIC', 14, '', '');
insert into DICT_COL values('BUDGET_CREDITED', 'NOTE', '说明', 'CHAR', 1000, '', '');

insert into DICT_COL values('BUDGET_INCREASE', 'YEAR', '年份', 'INT', 8, '', '');
insert into DICT_COL values('BUDGET_INCREASE', 'ORDERCODE', '序号', 'INT', 8, '', '');
insert into DICT_COL values('BUDGET_INCREASE', 'NAME', '项目名称', 'CHAR', 200, '', '');
insert into DICT_COL values('BUDGET_INCREASE', 'LEADER_STATION', '分管所领导', 'CHAR', 200, '', '');
insert into DICT_COL values('BUDGET_INCREASE', 'LEADER_TOP', '分管首席', 'CHAR', 200, '', '');
insert into DICT_COL values('BUDGET_INCREASE', 'BUDGET_FUNDS', '预算总经费', 'NUMERIC', 14, '', '');
insert into DICT_COL values('BUDGET_INCREASE', 'TYPE', '研制、批产', 'CHAR', 20, '', '');
insert into DICT_COL values('BUDGET_INCREASE', 'AMOUNT', '数量', 'INT', 8, '', '');
insert into DICT_COL values('BUDGET_INCREASE', 'PLAN_NODE', '计划节点', 'CHAR', 200, '', '');
insert into DICT_COL values('BUDGET_INCREASE', 'BUDGET_INCREASE', '预算增量', 'NUMERIC', 14, '', '');
insert into DICT_COL values('BUDGET_INCREASE', 'FUNDS1', '1季度分解', 'NUMERIC', 14, '', '');
insert into DICT_COL values('BUDGET_INCREASE', 'FUNDS2', '2季度分解', 'NUMERIC', 14, '', '');
insert into DICT_COL values('BUDGET_INCREASE', 'FUNDS3', '3季度分解', 'NUMERIC', 14, '', '');
insert into DICT_COL values('BUDGET_INCREASE', 'FUNDS4', '4季度分解', 'NUMERIC', 14, '', '');
insert into DICT_COL values('BUDGET_INCREASE', 'DEPART1', '1部', 'NUMERIC', 14, '', '');
insert into DICT_COL values('BUDGET_INCREASE', 'DEPART2', '2部', 'NUMERIC', 14, '', '');
insert into DICT_COL values('BUDGET_INCREASE', 'DEPART3', '3部', 'NUMERIC', 14, '', '');
insert into DICT_COL values('BUDGET_INCREASE', 'DEPART4', '4部', 'NUMERIC', 14, '', '');
insert into DICT_COL values('BUDGET_INCREASE', 'DEPART5', '5部', 'NUMERIC', 14, '', '');
insert into DICT_COL values('BUDGET_INCREASE', 'DEPART6', '6部', 'NUMERIC', 14, '', '');
insert into DICT_COL values('BUDGET_INCREASE', 'DEPART9', '9部', 'NUMERIC', 14, '', '');
insert into DICT_COL values('BUDGET_INCREASE', 'DEPART10', '装备部', 'NUMERIC', 14, '', '');
insert into DICT_COL values('BUDGET_INCREASE', 'MANAGER', '项目主管', 'CHAR', 200, '', '');

insert into DICT_COL values('BUDGET_REMAIN', 'YEAR', '年份', 'INT', 8, '', '');
insert into DICT_COL values('BUDGET_REMAIN', 'ORDERCODE', '序号', 'INT', 8, '', '');
insert into DICT_COL values('BUDGET_REMAIN', 'NAME', '项目名称', 'CHAR', 200, '', '');
insert into DICT_COL values('BUDGET_REMAIN', 'PJCODE', '令号', 'CHAR', 200, '', '');
insert into DICT_COL values('BUDGET_REMAIN', 'REMAIN_PJ', '令号所留', 'NUMERIC', 14, '', '');
insert into DICT_COL values('BUDGET_REMAIN', 'REMAIN_YEAR', '年所留', 'NUMERIC', 14, '', '');
insert into DICT_COL values('BUDGET_REMAIN', 'REMAIN_YEAR1', '年所留中承包', 'NUMERIC', 14, '', '');
insert into DICT_COL values('BUDGET_REMAIN', 'REMAIN_YEAR2', '年所留中其他', 'NUMERIC', 14, '', '');
insert into DICT_COL values('BUDGET_REMAIN', 'LEADER_STATION', '分管所领导', 'CHAR', 200, '', '');
insert into DICT_COL values('BUDGET_REMAIN', 'LEADER_TOP', '分管首席', 'CHAR', 200, '', '');
insert into DICT_COL values('BUDGET_REMAIN', 'LEADER_SECTION', '分管处领导', 'CHAR', 200, '', '');
insert into DICT_COL values('BUDGET_REMAIN', 'MANAGER', '项目主管', 'CHAR', 200, '', '');

insert into DICT_COL values('DEPARTMENT', 'CODE', '部门编码', 'CHAR', 20, '', '');
insert into DICT_COL values('DEPARTMENT', 'NAME', '部门名称', 'CHAR', 20, '', '');
insert into DICT_COL values('DEPARTMENT', 'PARENT', '上级单位', 'CHAR', 20, 'DEPARTMENT', 'NAME');
insert into DICT_COL values('DEPARTMENT', 'LEVEL', '级别', 'INT', 8, '', '');
insert into DICT_COL values('DEPARTMENT', 'ORDERCODE', '排序号', 'INT', 8, '', '');

insert into DICT_COL values('EMP_CARD', 'EMPCODE', '工号', 'CHAR', 20, '', '');
insert into DICT_COL values('EMP_CARD', 'EMPNAME', '姓名', 'CHAR', 20, '', '');
insert into DICT_COL values('EMP_CARD', 'SEX', '性别', 'CHAR', 1, 'DICT', 'NAME');
insert into DICT_COL values('EMP_CARD', 'CARDNO', '卡号', 'CHAR', 20, '', '');
insert into DICT_COL values('EMP_CARD', 'PHONE1', '电话1', 'CHAR', 20, '', '');
insert into DICT_COL values('EMP_CARD', 'PHONE2', '电话2', 'CHAR', 20, '', '');
insert into DICT_COL values('EMP_CARD', 'ADDRESS', '地址', 'CHAR', 500, '', '');
insert into DICT_COL values('EMP_CARD', 'DEPARTNAME', '部门名称', 'CHAR', 50, '', '');

insert into DICT_COL values('EMP_FINANCIAL', 'EMPCODE', '工号', 'CHAR', 20, '', '');
insert into DICT_COL values('EMP_FINANCIAL', 'EMPNAME', '姓名', 'CHAR', 50, '', '');
insert into DICT_COL values('EMP_FINANCIAL', 'DEPARTNAME', '部门', 'CHAR', 50, '', '');
insert into DICT_COL values('EMP_FINANCIAL', 'RQ', '日期', 'DATE', null, '', '');
insert into DICT_COL values('EMP_FINANCIAL', 'JBF', '加班费', 'NUMERIC', 10, '', '');
insert into DICT_COL values('EMP_FINANCIAL', 'PSF', '评审费', 'NUMERIC', 10, '', '');
insert into DICT_COL values('EMP_FINANCIAL', 'GC', '稿酬', 'NUMERIC', 10, '', '');
insert into DICT_COL values('EMP_FINANCIAL', 'CJ', '酬金', 'NUMERIC', 10, '', '');
insert into DICT_COL values('EMP_FINANCIAL', 'WCBT', '外场补贴', 'NUMERIC', 10, '', '');
insert into DICT_COL values('EMP_FINANCIAL', 'CGLBT', '车公里补贴', 'NUMERIC', 10, '', '');
insert into DICT_COL values('EMP_FINANCIAL', 'LB', '劳保', 'NUMERIC', 10, '', '');
insert into DICT_COL values('EMP_FINANCIAL', 'GJBT', '过江补贴', 'NUMERIC', 10, '', '');
insert into DICT_COL values('EMP_FINANCIAL', 'FPBT', '返聘补贴', 'NUMERIC', 10, '', '');
insert into DICT_COL values('EMP_FINANCIAL', 'XMMC', '项目名称', 'CHAR', 50, '', '');
insert into DICT_COL values('EMP_FINANCIAL', 'BZ', '备注', 'CHAR', 500, '', '');

insert into DICT_COL values('EMP_HONOR', 'EMPCODE', '工号', 'CHAR', 20, '', '');
insert into DICT_COL values('EMP_HONOR', 'H_YEAR', '荣誉年份', 'INT', 8, '', '');
insert into DICT_COL values('EMP_HONOR', 'H_NAME', '荣誉名称', 'CHAR', 200, '', '');
insert into DICT_COL values('EMP_HONOR', 'H_DESCRIBE', '荣誉描述', 'CHAR', 2000, '', '');

insert into DICT_COL values('EMP_POS', 'EMPCODE', '工号', 'CHAR', 20, '', '');
insert into DICT_COL values('EMP_POS', 'EMPNAME', '姓名', 'CHAR', 50, '', '');
insert into DICT_COL values('EMP_POS', 'DEPARTCODE', '部门编码', 'CHAR', 20, '', '');
insert into DICT_COL values('EMP_POS', 'DEPARTNAME', '部门', 'CHAR', 50, '', '');
insert into DICT_COL values('EMP_POS', 'CARDNO', '卡号', 'CHAR', 20, '', '');
insert into DICT_COL values('EMP_POS', 'POSMACHINE', '车载POS机', 'CHAR', 50, '', '');
insert into DICT_COL values('EMP_POS', 'SWIPETIME', '刷卡时间', 'TIME', null, '', '');
insert into DICT_COL values('EMP_POS', 'COST', '金额', 'NUMERIC', 10, '', '');
insert into DICT_COL values('EMP_POS', 'POSCODE', 'POS流水号', 'CHAR', 20, '', '');

insert into DICT_COL values('GOODS', 'KJND', '会计年度', 'INT', 8, '', '');
insert into DICT_COL values('GOODS', 'KJH', '会计号', 'CHAR', 20, '', '');
insert into DICT_COL values('GOODS', 'CKDH', '存货单号', 'CHAR', 20, '', '');
insert into DICT_COL values('GOODS', 'JE', '金额', 'NUMERIC', 10, '', '');
insert into DICT_COL values('GOODS', 'LLBMMC', '领料部门名称', 'CHAR', 50, '', '');
insert into DICT_COL values('GOODS', 'LLBMBM', '领料部门编码', 'CHAR', 20, '', '');
insert into DICT_COL values('GOODS', 'JSBMMC', '结算部门名称', 'CHAR', 50, '', '');
insert into DICT_COL values('GOODS', 'JSBMBM', '结算部门编码', 'CHAR', 20, '', '');
insert into DICT_COL values('GOODS', 'LLRMC', '领料人名称', 'CHAR', 50, '', '');
insert into DICT_COL values('GOODS', 'LLRBM', '领料人编码', 'CHAR', 20, '', '');
insert into DICT_COL values('GOODS', 'ZJH', '整件号', 'CHAR', 20, '', '');
insert into DICT_COL values('GOODS', 'CHMC', '存货名称', 'CHAR', 200, '', '');
insert into DICT_COL values('GOODS', 'GG', '规格', 'CHAR', 100, '', '');
insert into DICT_COL values('GOODS', 'PJCODE', '项目编码', 'CHAR', 200, '', '');
insert into DICT_COL values('GOODS', 'TH', '图号', 'CHAR', 50, '', '');
insert into DICT_COL values('GOODS', 'ZJLDW', '主计量单位', 'CHAR', 50, '', '');
insert into DICT_COL values('GOODS', 'SL', '数量', 'INT', 8, '', '');
insert into DICT_COL values('GOODS', 'DJ', '单价', 'NUMERIC', 15, '', '');
insert into DICT_COL values('GOODS', 'XMYT', '项目用途', 'CHAR', 200, '', '');
insert into DICT_COL values('GOODS', 'CHBM', '存货编码', 'CHAR', 20, '', '');

insert into DICT_COL values('GOODS_APPLY', 'XQLX', '需求类型', 'CHAR', 200, '', '');
insert into DICT_COL values('GOODS_APPLY', 'XQDJH', '需求单据号', 'CHAR', 200, '', '');
insert into DICT_COL values('GOODS_APPLY', 'SQRQ', '申请日期', 'DATE', null, '', '');
insert into DICT_COL values('GOODS_APPLY', 'SQBMBM', '申请部门编码', 'CHAR', 200, '', '');
insert into DICT_COL values('GOODS_APPLY', 'SQBM', '申请部门', 'CHAR', 200, '', '');
insert into DICT_COL values('GOODS_APPLY', 'JSBM', '结算部门', 'CHAR', 200, '', '');
insert into DICT_COL values('GOODS_APPLY', 'XMBM', '项目编码', 'CHAR', 200, '', '');
insert into DICT_COL values('GOODS_APPLY', 'CHBM', '存货编码', 'CHAR', 200, '', '');
insert into DICT_COL values('GOODS_APPLY', 'CHMC', '存货名称', 'CHAR', 200, '', '');
insert into DICT_COL values('GOODS_APPLY', 'GGXH', '规格型号', 'CHAR', 200, '', '');
insert into DICT_COL values('GOODS_APPLY', 'YT', '用途', 'CHAR', 200, '', '');
insert into DICT_COL values('GOODS_APPLY', 'DW', '单位', 'CHAR', 200, '', '');
insert into DICT_COL values('GOODS_APPLY', 'SQSL', '申请数量', 'INT', 8, '', '');
insert into DICT_COL values('GOODS_APPLY', 'SQCKSL', '累计出库数量', 'INT', 8, '', '');
insert into DICT_COL values('GOODS_APPLY', 'CKBM', '仓库编码', 'CHAR', 200, '', '');
insert into DICT_COL values('GOODS_APPLY', 'CKMC', '仓库名称', 'CHAR', 200, '', '');
insert into DICT_COL values('GOODS_APPLY', 'CKDJH', '出库单据号', 'CHAR', 200, '', '');
insert into DICT_COL values('GOODS_APPLY', 'BCYCSL', '本次应出数量', 'INT', 8, '', '');
insert into DICT_COL values('GOODS_APPLY', 'BCCKSL', '本次出库数量', 'INT', 8, '', '');
insert into DICT_COL values('GOODS_APPLY', 'PCH', '批次号', 'CHAR', 200, '', '');
insert into DICT_COL values('GOODS_APPLY', 'DJZT', '单据状态', 'CHAR', 200, '', '');
insert into DICT_COL values('GOODS_APPLY', 'KGY', '库管员', 'CHAR', 200, '', '');
insert into DICT_COL values('GOODS_APPLY', 'ZDR', '制单人', 'CHAR', 200, '', '');
insert into DICT_COL values('GOODS_APPLY', 'ZDSJ', '制单时间', 'TIME', null, '', '');

insert into DICT_COL values('GOODS_DICT', 'CODE', '存货编码', 'CHAR', 200, '', '');
insert into DICT_COL values('GOODS_DICT', 'NAME', '存货名称', 'CHAR', 200, '', '');
insert into DICT_COL values('GOODS_DICT', 'SPEC', '规格型号', 'CHAR', 100, '', '');
insert into DICT_COL values('GOODS_DICT', 'TYPE', '优选类型', 'CHAR', 20, 'DICT', 'NAME');

insert into DICT_COL values('PROJECT', 'CODE', '工作令号', 'CHAR', 200, '', '');
insert into DICT_COL values('PROJECT', 'NAME', '令号名称', 'CHAR', 200, '', '');
insert into DICT_COL values('PROJECT', 'STATUS', '令号状态', 'CHAR', 10, 'DICT', 'NAME');
insert into DICT_COL values('PROJECT', 'MANAGER', '令号负责人', 'CHAR', 20, 'EMPLOYEE', 'NAME');
insert into DICT_COL values('PROJECT', 'PLANEDWORKLOAD', '计划工作量', 'INT', 8, '', '');
insert into DICT_COL values('PROJECT', 'STARTDATE', '开始时间', 'DATE', null, '', '');
insert into DICT_COL values('PROJECT', 'ENDDATE', '截止时间', 'DATE', null, '', '');
insert into DICT_COL values('PROJECT', 'NOTE', '描述', 'CHAR', 500, '', '');

insert into DICT_COL values('WORKREPORT', 'NAME', '日志名称', 'CHAR', 100, '', '');
insert into DICT_COL values('WORKREPORT', 'EMPCODE', '工号', 'CHAR', 20, '', '');
insert into DICT_COL values('WORKREPORT', 'STARTDATE', '日期', 'DATE', null, '', '');
insert into DICT_COL values('WORKREPORT', 'PJCODE', '工作令号', 'CHAR', 200, '', '');
insert into DICT_COL values('WORKREPORT', 'PJCODE_d', '分系统', 'CHAR', 200, 'PJCODE_D', 'NAME');
insert into DICT_COL values('WORKREPORT', 'STAGECODE', '日志名称', 'CHAR', 20, 'DICT', 'NAME');
insert into DICT_COL values('WORKREPORT', 'AMOUNT', '工时', 'NUMERIC', 5, '', '');
insert into DICT_COL values('WORKREPORT', 'BZ', '备注', 'CHAR', 2000, '', '');
insert into DICT_COL values('WORKREPORT', 'FLAG', '状态', 'INT', 8, 'DICT', 'NAME');
insert into DICT_COL values('WORKREPORT', 'DEPARTCODE', '部门', 'CHAR', 20, 'DEPARTMENT', 'NAME');
insert into DICT_COL values('WORKREPORT', 'BACKBZ', '反馈意见', 'CHAR', 1000, '', '');
insert into DICT_COL values('WORKREPORT', 'BACKEMPCODE', '反馈人工号', 'CHAR', 20, '', '');
insert into DICT_COL values('WORKREPORT', 'BACKEMPNAME', '反馈人姓名', 'CHAR', 20, '', '');
